id,name,group,wealth,w_m,d_m,storeys,look,tag,source_ref
city_gate,The Moon Gate,monument,civic,16,10,2,twin towers with glazed lapis bands and the crescent,INVENTED,"D-025; docs/world-art-plan.md §4.4; buildings.csv city_gate"
watch_post,Gate watch post,civic,civic,7,6,2,lookout platform and spear racks,INVENTED,"D-025; world-art-plan §4.2"
toll_house,Toll house,civic,civic,6,5,1,toll table with scales under an awning,INVENTED,"D-025; world-art-plan §4.2"
caravan_yard,Caravan yard and inn,trade,modest,22,16,2,walled court with donkey lines troughs and a guest gallery,INVENTED,"D-025; world-art-plan §4.2"
beerhouse,Beerhouse,trade,modest,11,9,1,fermenting jars benches and drinking straws,INVENTED,"D-025; world-art-plan §4.2; buildings.csv brewery_tavern"
prison_barracks,Quayside prison barracks,civic,civic,14,9,1,guarded yard with shackles and a holding room,INVENTED,"D-025; D-009 (the prisoner start); world-art-plan §4.2"
stable,Donkey stables,trade,poor,12,7,1,reed-roofed pens and fodder,INVENTED,"D-025; world-art-plan §4.2"
well_house,Well house and shaduf,civic,civic,5,5,1,a sweep over a brick well with troughs,INVENTED,"D-025; world-art-plan §4.2"
market_square,Market square,trade,civic,20,14,0,an open terrace of awnings,INVENTED,"D-025; world-art-plan §4.2"
market_stall,Market stall,trade,modest,5,4,0,a counter under a dyed awning with the goods on show,INVENTED,"D-025; buildings.csv market_stall"
cookshop,Cook-shop,trade,modest,7,6,1,a street oven and benches,INVENTED,"D-025; world-art-plan §4.2"
bakery,Bakery,trade,modest,8,7,1,beehive tannur ovens and bread stacks,INVENTED,"D-025; buildings.csv bakery"
mill,Mill house,trade,modest,8,7,1,rows of saddle querns in flour dust,INVENTED,"D-025; world-art-plan §4.2"
weights_house,House of Weights,civic,civic,10,8,1,official scales and duck-shaped stone weights,INVENTED,"D-025; docs/city-of-the-moon.md §2; world-art-plan §4.2"
foundry,Bronzesmith's foundry,workshop,modest,10,8,1,furnace and goatskin bellows with a slag heap and soot,INVENTED,"D-025; world-art-plan §4.2"
armourer,Armourer,workshop,modest,9,7,1,scale plates being laced and hide shields drying,INVENTED,"D-025; world-art-plan §4.2"
bowyer,Bowyer and fletcher,workshop,modest,8,6,1,spear shafts bows on pegs feathers and arrowheads,INVENTED,"D-025; world-art-plan §4.2"
potter,Potter's yard,workshop,modest,11,9,1,domed updraft kiln kick wheel and drying jars,INVENTED,"D-025; world-art-plan §4.2"
dyer_weaver,Weaver and dyer,workshop,modest,10,8,1,upright looms and dye vats with dripping skeins,INVENTED,"D-025; world-art-plan §4.2"
oil_press,Oil and perfume press,workshop,comfortable,9,8,1,a beam press and a scented court,INVENTED,"D-025; world-art-plan §4.2"
jeweller,Jeweller and seal-cutter,workshop,comfortable,6,5,1,a shady booth of lapis carnelian and cylinder seals,INVENTED,"D-025; world-art-plan §4.2"
physician,Physician's house,workshop,comfortable,9,8,2,drying herbs honey jars and a patient's mat,INVENTED,"D-025; world-art-plan §4.2"
scribe_booth,Scribe's booth,workshop,modest,5,4,0,a writing table by the well for hire,INVENTED,"D-025; world-art-plan §4.2"
tannery,Tannery,workshop,poor,14,10,1,soaking pits and hides on frames downwind,INVENTED,"D-025; world-art-plan §4.2"
brickyard,Brick-making yard,workshop,poor,18,12,0,clay pits and rows of bricks drying in the sun,INVENTED,"D-025; world-art-plan §4.3"
boatyard,Shipwright's slip,workshop,modest,16,10,1,a slip into the lagoon with reed boats and bitumen pots,INVENTED,"D-025; world-art-plan §4.2"
ziggurat,The temple of sun and moon,monument,sacred,46,64,3,three-tier ziggurat with recessed panels and the lapis shrine,INVENTED,"D-025; buildings.csv temple_of_sun_and_moon; notes L52"
gipar,The gipar,sacred,elite,16,12,2,the high priestess's whitewashed house and sacred garden,INVENTED,"D-025; world-art-plan §4.1"
temple_stores,Temple stores,sacred,civic,14,9,1,sealed storerooms and a granary dome,INVENTED,"D-025; world-art-plan §4.2"
temple_kitchens,Temple kitchens,sacred,civic,12,8,1,ovens and offering tables for the gods' meals,INVENTED,"D-025; world-art-plan §4.4"
diviner,Diviner's house,sacred,comfortable,9,8,2,clay liver models and a tethered sheep,INVENTED,"D-025; world-art-plan §4.2"
exorcist,Exorcist's house,sacred,comfortable,9,8,2,amulet racks incense and threshold figurines,INVENTED,"D-025; world-art-plan §4.2"
moon_pool,The Moon Pool,sacred,sacred,16,16,0,a stepped basin where salt and fresh water meet,INVENTED,"D-025; docs/city-of-the-moon.md §2; notes L57"
street_shrine,Street shrine,sacred,civic,3,2,0,a niche with a figurine and lamps,INVENTED,"D-025; world-art-plan §4.2"
granary,Granary,civic,civic,10,10,1,domed silos with clay sealings on pegs,INVENTED,"D-025; world-art-plan §4.2"
scribal_school,The tablet school,learning,comfortable,16,12,2,tablet shelves clay bins and pupils' benches,INVENTED,"D-025; world-art-plan §4.2"
archive,Tablet archive,learning,civic,12,9,2,shelves of tablets behind a sealed door,INVENTED,"D-025; docs/city-of-the-moon.md §2"
star_terrace,The Star Terrace,learning,civic,12,12,3,a stepped roof platform with a gnomon,INVENTED,"D-025; D-025 astrology; world-art-plan §4.2"
lighthouse,The Great Lighthouse,monument,civic,14,14,6,square base octagon middle round top and a fire bowl,INVENTED,"D-025; buildings.csv great_lighthouse; notes L52"
keepers_house,Lighthouse keepers' house,civic,modest,9,7,2,a fuel store of reed bundles and bitumen,INVENTED,"D-025; world-art-plan §4.4"
cliff_shrine,Shrine of Enki,sacred,sacred,6,6,1,a water lord's shrine above the sea,INVENTED,"D-025; D-016 (Enki god of magic)"
wharf,The lagoon wharf,trade,civic,26,8,0,berths bollards and moored ships,INVENTED,"D-025; places.csv lighthouse_wharf_place"
sea_gate,The sea gate,civic,civic,10,8,2,a gate onto the quay with a customs table,INVENTED,"D-025; world-art-plan §4.2"
fish_market,Fish market,trade,modest,12,8,0,fish on reed mats gulls and dogs waiting,INVENTED,"D-025; world-art-plan §4.2"
divers_hut,Sea-gem divers' hut,home,poor,6,5,1,reed hut with baskets of shells and sea gems,INVENTED,"D-025; D-016 (sea gems)"
customs_house,Customs house,civic,civic,11,9,2,sealed bales and a scribe at a table,INVENTED,"D-025; world-art-plan §4.2"
warehouse,Merchant warehouse,trade,comfortable,14,9,1,sealed jars and bales stacked to the rafters,INVENTED,"D-025; world-art-plan §4.2"
mudhif,Reed guest hall (mudhif),home,civic,14,6,1,a great arched reed hall,INVENTED,"D-025; world-art-plan §4.1"
reed_house,Reed house on stilts,home,poor,6,5,1,arched reed bundles nets and a canoe,INVENTED,"D-025; world-art-plan §4.1"
floating_shrine,Floating shrine,sacred,sacred,5,5,0,a reed platform shrine on the water,INVENTED,"D-025; docs/city-of-the-moon.md §2"
council_hall,The Prophet's council hall,civic,elite,24,18,2,a painted-palm-column hall and a throne dais,INVENTED,"D-025; notes L52 (capitol of the Prophet)"
envoys_house,Envoys' house,civic,comfortable,12,10,2,guest rooms for the southern city-states' envoys,INVENTED,"D-025; notes L52"
rebel_barracks,Rebel barracks and yard,civic,modest,18,12,1,a training yard spear racks and banners,INVENTED,"D-025; notes L19;L52"
imperial_offices,Old imperial offices,civic,comfortable,14,10,2,half abandoned half looted,INVENTED,"D-025; notes L15"
hearing_court,Hearing court and holding room,civic,civic,14,10,1,a judges' bench and a barred holding room,INVENTED,"D-025; city-life §3.3"
migrant_tent,Migrant tent,home,poor,7,5,0,black goat-hair tent and dung fire,INVENTED,"D-025; notes L21"
cattle_pen,Cattle pen,trade,poor,12,9,0,reed fences cattle and herdsmen,INVENTED,"D-025; notes L21"
warchief_tent,Warchief's envoy tent,civic,comfortable,10,8,0,a great tent with horse tack and felt,INVENTED,"D-025; notes L56"
necropolis,The Garden of Tombs,sacred,civic,26,20,0,grave mounds brick vaults and offering tubes,INVENTED,"D-025; docs/city-of-the-moon.md §2"
tomb_keeper,Tomb keeper's hut,home,poor,6,5,1,a lamp and a register of the dead,INVENTED,"D-025; docs/city-of-the-moon.md §2"
field,Fields,rural,civic,40,30,0,strip fields and canals,INVENTED,"D-025; places.csv fields_beyond_the_gate_place"
pasture,Pasture,rural,civic,40,30,0,grazing land,INVENTED,"D-025; places.csv grazing_lands_place"
home_hut,Poor one-room house,home,poor,6,5,1,rough plaster a reed door and a quern outside,INVENTED,"D-025; world-art-plan §4.1"
home_tenement,Tenement court,home,poor,12,10,2,many doors round one shared court and oven,INVENTED,"D-025; world-art-plan §4.1"
home_modest,Modest house,home,modest,8,7,1,plastered with a roof shelter,INVENTED,"D-025; buildings.csv mudbrick_house_modest"
home_artisan,Artisan house-workshop,home,modest,9,8,2,shop in front and family behind,INVENTED,"D-025; world-art-plan §4.1"
home_courtyard,Courtyard house,home,comfortable,11,10,2,a court with well shrine and palm,INVENTED,"D-025; buildings.csv mudbrick_house_courtyard"
home_merchant,Merchant house,home,comfortable,13,11,2,a cedar gallery painted door and storerooms,INVENTED,"D-025; world-art-plan §4.1"
home_elite,Elite house,home,elite,16,14,2,fired-brick plinth whitewash or cone mosaic and a garden,INVENTED,"D-025; world-art-plan §4.1"
home_foreign,Foreigners' lane house,home,modest,9,8,1,carpets hung out and a foreign god's niche,INVENTED,"D-025; world-art-plan §4.1"
