id,speaker,context,text,tag,source_ref
arrival_captain_verdict,the captain of the prisoner transport,"dawn on the dockside below the Great Lighthouse, City of the Moon; the prisoners are handed over to the city's guard and the verdict is read","Hear the verdict, and hold it. You were taken in a war far from here; no ransom comes for you and no king of yours claims you. The city has bought your days for its own work. Serve and be fed; run and be taken again, or die on the flats. Such is the law of the Law Giver's dynasty, and it holds in this city yet. Marked fit for labour.",INVENTED,INVENTED glue serving story.csv:opening; notes L105 (a prisoner taken from his homeland into a strange land ruled by two ancient peoples); wb §4.1
arrival_guard_bark,a dock-gate guard,"the dock gate of the City of the Moon, mid-morning of the first day; the prisoner column is marched up from the quay","Eyes down, all of you. None of you speak, and none speak to you. Water at the midday tally, bread at dusk, and not a mouthful before. Move.",INVENTED,INVENTED glue serving story.csv:opening; wb §4.1; notes L105
arrival_captain_parting,the captain of the prisoner transport,"the dockside, as the transport is dismissed and the prisoners are led up into the city","Look at it well, prisoner. Two ancient peoples raised this land and one old law holds it, and the law is tired. The rain has forgotten the river, the east is stirring in its mountains, and the south mutters in a dead tongue. You are not outside the breaking of the world any more. None of us are.",INVENTED,INVENTED glue serving story.csv:opening; wb §1;§4.1; notes L104;L105
texture_water_carrier_tally,a water-carrier,"the river steps at first light, while the day's water is drawn and counted","Stand back from the jars. Forty years I have drawn at this step and no man asked me to count; now the temple counts, and the tally does not bend for weeping. The sky has forgotten the way down to the river. When it remembers, the counting stops. Until then the whole city drinks by tally.",INVENTED,INVENTED glue serving story.csv:act_i; wb §4.1; notes L104 (the great drought that engulfs the lands)
texture_market_seller_barley,a barley seller,"the grain stalls of the morning market, with the drought deepening in the land","Barley is barley, stranger — but not this year. A measure that cost two grains of silver in my father's day fetched four by sowing and six by harvest, and I no longer laugh at what men offer. Weigh your silver carefully, and count your years. The price is not done climbing.",INVENTED,INVENTED glue serving story.csv:act_i; wb §4.1; notes L104; D-011 (silver weighed in grains; the grain price model)
texture_night_watchman_east,a night watchman,"the wall walk of the City of the Moon, past midnight, the landward side","That glow on the horizon is not the moon. A village burned out there three nights past, and a granary two nights before that. The watch keeps its lamps, the gate counts heads at dawn, and from the capital comes nothing but seals and silence. The east is coming, friend. It was always going to come.",INVENTED,INVENTED glue serving story.csv:act_i (the eastern raids begin); wb §4.3; notes L15;L21
texture_ration_clerk_bread_beer,a temple ration-clerk,the stores of the temple of sun and moon at the noon issue,"Your wage is bread and beer, broken and poured where you stand, and the tally is kept against your name. Silver is for merchants, dowries and graves — weighed in grains, and buying less every sowing. The granary does not care whose son you were. The drought cares even less.",INVENTED,INVENTED glue serving story.csv:act_i; wb §4.1; notes L104
texture_caravan_master_east_road,a caravan master,"the north gate of the City of the Moon at dawn, where the caravans are counted out and in","You want the eastern road. The eastern road is a story now. I lost two drovers and twelve onagers past the river bend, and what came down from the hills did not want my goods — it wanted the road. Cattle men, they were, all their lives. Now they are something else, and the mountains are emptying onto the plain.",INVENTED,INVENTED glue serving story.csv:act_i (the eastern raids and migrations begin); wb §4.3; notes L20;L21
texture_debtor_priestess_ledger,a debtor priestess,"the outer court of the temple of sun and moon, morning, sweeping before the offering tables","Sixty measures of barley I owe the temple, as my mother owed twenty; the offerings have thinned since the river fell, and the god's table keeps its own ledger. You will see grandeur here. Look under it. The whole city is borrowed, and the lender is the sky.",INVENTED,INVENTED glue serving story.csv:act_i; wb §4.1; notes L104
pull_stranger_no_name_dusk,a robed stranger,"dusk, in the long shadow of the Great Lighthouse by the harbour; he speaks once and is gone before the prisoner turns",I have no name to give. Names are for men who finish things. They will tell you the lady of the skies is the morning star — love and war in one body — and they will not tell you what she asks in return. Keep your eyes open and your debts small. The worthy are not chosen. They are noticed.,INVENTED,"INVENTED glue serving story.csv:act_i (first contact among the many groups), foreshadowing story.csv:act_ii (the mysterious cult); wb §2;§4.4; notes L5;L26; D-004 (the demonic claim shown unconfirmed)"
pull_stranger_no_name_flood,a robed stranger,"the outer court of the temple of sun and moon, night; the same voice, without a face the prisoner can keep","You asked the priests for the age of the world and they gave you the reign of kings. Ask instead about the flood — the true one, before kings, when the lord of water and wisdom looked down and found men unworthy. The old order keeps that ledger, and one day you will be brought to read it. Then we will see whether you laugh or weep.",INVENTED,"INVENTED glue serving story.csv:act_i, foreshadowing story.csv:act_ii (the mysterious cult); wb §1;§2; notes L5;L23;L24"
pull_southern_pilgrim_question,a southern pilgrim,"the harbour taverns at evening; a newcomer with a southern accent, asking at every bench","You there — you came off the sea lanes. Is it true the Prophet is at the temple of sun and moon — they say he is not always here? In the south they say the sage of the swamps has come up out of the marshes at last, that he will stand in the temple of sun and moon and speak. I have walked from the reed country for one word of it. One word, and I carry it home to my people.",INVENTED,INVENTED glue serving story.csv:act_i (the south organises under the sage of the swamps); wb §4.2; notes L19;L52
pull_southern_pilgrim_promise,a southern pilgrim,"the harbour taverns, later the same night; he has drunk enough to forget who might be listening","Four things the Prophet promises, and I will say them loudly: the city states joined under one hand, the easterners driven back over their mountains, rain in the sky and barley in the furrow, and the old tongue lifted out of its grave. Half of that would leave the Empire a sandbank at ebb. All of it, and the world begins again.",INVENTED,INVENTED glue serving story.csv:act_i (the south organises under the sage of the swamps); wb §4.2; notes L19
pull_old_dockhand_caution,an old dockhand,"the harbour taverns, quietly, to the prisoner alone","Drink, and name the Prophet the way you would name a debt — under the breath. The garrison still flies the Empire's standard over the citadel, and its captain hears what the harbour says. Half this city prays for the south; the other half is paid to notice. You are new here. Be nobody for a while. Nobody lives long here.",INVENTED,INVENTED glue serving story.csv:act_i; wb §4.2; notes L19 (the Empire of the north replaced their former kings)
web_lender_ledger_silver,a creditor's ledger-keeper,the counting-room behind the lighthouse wharf at the weighing of the day's silver; tablet shelves at his back and the scales never quite still,"There is no stamp on silver in this city — silver has weight, and the weights do not lie unless the hand lies. Five grains out; one grain more at the year's turn. Barley borrows dearer, a third part, because barley can grow or drown. Every loan is a tablet under two seals, and the tablet outlives the men it binds. The drought does not excuse a debt; it only fills the shelves. A stranger pledges what he carries; a householder borrows on his name. Get yourself a name.",INVENTED,INVENTED glue serving story.csv:act_ii (do business); game-design §5.3 (loans at the traditional rates — rpg-systems §5); D-011 (silver weighed in grains); notes L104 (the drought that is breaking the world)
web_freed_debtor,a freed debtor,the brewery steps at evening; a man who has worked his debt tablet to its end and carries the shell of it folded in his belt,"Three years I carried another man's grain-debt on my back — my days were his days and my bread was counted at his table, and the tablet slept in the lender's storehouse like a second wife. The low river made debtors of half this quarter; the barley of the last harvest made free men of a few of us, and not the ones the quarter guessed. Guard your name on the tablets, friend. Silver can be lent again. A man's years do not come back to the shelf.",INVENTED,INVENTED glue serving story.csv:act_ii (do business); game-design §5.3 (loans); rpg-systems §5.4 (debt-bondage is real and never a reward); notes L104 (the drought that is breaking the world)
web_kiln_master_margins,a kiln-master of the potters' lane,"the potters' lane at mid-morning, fuel stacked high against the drought while the kiln takes its first heat of the day","A kiln eats. Fuel first, then bread for the hands, then silver-grains for the tally-clerk and the gate. In the rains a house banks surplus; in this drought a house banks debts, and debts burn hotter than anything I fire. Still — cut, press, fire, sell. The wheel does not care what the sky is doing, and that is the mercy of work. Keep a workshop turning through the breaking and you will own half this lane when the rains remember us — if they remember us.",INVENTED,INVENTED glue serving story.csv:act_ii (do business; the drought deepens); game-design §5.3 (workshops — rpg-systems §5); D-015 (the seasons); notes L104
web_ship_share_broker,a ship-share broker,the lighthouse wharf where the southern boats are fitted out; share-tokens changing hands over a jar of beer,"A share is a plank of a boat that is yours whether the boat comes home or not. Copper out of the southern waters; the goods of the south coming up the sea lanes; the city grows fat on that water, and men like me grow fat beside it. But hear the whole of the bargain: the sea takes its share of every hull — in storms, and in what men do to each other out past the light. Never stake to a boat more than you can stand on the quay and watch leave. The wharf remembers every man who learned that late.",INVENTED,INVENTED glue serving story.csv:act_ii (do business); game-design §5.3 (ship shares; caravan partnerships — rpg-systems §5); notes L52 (direct access to the sea trade routes; the Great Lighthouse)
envoy_warchief_price,an envoy of the mighty warchief,a back room of the harbour beerhouse between caravans; the envoy drinks little and names no price until the door is barred,"My lord of the Warrior Spirit does not send threats. He sends prices. The mountains are emptying westward and the herds follow the emptiness; the tribes are hungry, and hungry tribes do not send an envoy twice. Grain in the passes and tin on the road, and the drovers walk past your walls and not through them. Refuse, and the road speaks in smoke. Understand what you are bargaining with before you bargain: there is no crown among us and no single king to buy — there are the strong, and the councils the strong sit in, and my lord is what holds them this season. This season. That is the length of any promise out of the east.",INVENTED,INVENTED glue serving story.csv:act_ii (forge alliances); wb §4.3;§5; notes L20;L21 (tribal and scattered; bound loosely by survival; new lands in the west); L56 (the mighty warchief of the City of the Warrior Spirit — his name stays OPEN)
rebel_liberty_question,a rebel of the south,"the harbour taverns after the watch changes; the question goes bench to bench, quieter than the beer","One question, stranger, and I will leave you to your drink: what is liberty worth in a breaking land? The Empire took our kings and set its governors in their seats; the drought has taken everything the Empire left. Men say liberty the way they say bread. It is not bread. It is the field — and a field does not plough itself. The south is ploughing. When the breaking finishes with this Empire, as it will finish, you will want to remember which side of the furrow you stood on. Answer me by what you do, not by what you say. Everyone in this room says well.",INVENTED,INVENTED glue serving story.csv:act_ii (contact with the rebels); wb §4.2; notes L15 (the south tears up the empire with patriotism and liberty); L19
rebel_alliance_rider,a rider of the southern alliance,the courtyard of a trading house at dusk; a road-worn rider going city state to city state with a sealed token inside his cloak,"Tokens, not letters. Letters can be read off a man when he is taken; a token is only clay until the right hand holds it. I run the river road from city state to city state and I carry nothing that can be tortured out of me, because I do not know what it says. There are houses in every city now that will hold a door open for the south. What the alliance asks of its friends is small at first: a granary that counts as a warehouse; a boat that counts as a ferry; a ledger that forgets one name. The Empire counts spears. We count doors. Doors win longer wars.",INVENTED,INVENTED glue serving story.csv:act_ii (contact with the rebels; alliance errands); wb §4.2;§5 (the rebellious alliance of southern city states); notes L19;L52
steward_festival_reaping,the steward of the temple of sun and moon,"the outer court of the temple of sun and moon on the eve of the reaping, when the first sheaves come up the steps; the first sheaves of the harvest coming up the steps","The reaping is kept even in a broken year — that is what keeping means. The first sheaf is the god's and the first pouring is the god's; the city eats after the gods have eaten. This year the sheaves come up the steps thinner and the crowd beneath them is thicker, and both of those are answers if you can read a procession. Sun and moon see the counting. Stand with the city and watch. The festival is the year telling itself: we are still here; the river will be remembered; the barley will be sown again. Say it loudly enough and the sky may answer.",INVENTED,INVENTED glue serving story.csv:act_ii; wb §5 (the temple of sun and moon); notes L52;L57 (growing and reaping their fields of wheats and barley); D-015 (the harvest season); customs:first_portion_to_the_gods (the first portion is the god's)
courier_second_seen,a veiled courier,"the door of the room the prisoner keeps in the skiffwrights' lane, the night after the last of the season's dealings; the second time the veil has come to him, and this time nothing is asked of him","You were seen. Not by the watch, and not by me — I only carry. Two seasons this city has watched you work, and both times the work was worth the watching. That is the whole of the message. Keep no token of it; expect no thanks; go on working as if nothing had happened — for you, nothing has. If a day comes when you stand face to face with what noticed you, you will not need to ask whose eyes they were. You will already be looking into them.",INVENTED,INVENTED glue serving story.csv:act_ii (contact with the mysterious cult — the Brotherhood's second noticing; the order itself stays hidden); wb §2 (hidden; working in the background; met only by the worthy); notes L5;L26
drowned_sailor_plumed_serpent,a drowned sailor,"the harbour steps at first light, wrapped in a boatman's coat — pulled from the fishing water drowned past saving by every count but the breath's; his boat went down in the southern lanes","The sea is a road, and I have sailed it past its last landmark. Over the ocean there is a great country, named for a plumed serpent — after the very mystery traditions, the old men of the trade say, though none of them can say what the traditions were. The first men of that country came over the water too, from a shore older than any shore now living, and their ruins stand in the deep woods with no one left to name them. I saw one from the mast once: a stone head with feathers carved on it, looking east, as if it waited for boats. The sea did not want me to carry this tale. Here I am carrying it. Make of that what a drowned man's word is worth.",INVENTED,INVENTED glue serving story.csv:act_ii (the web opens toward the wider world); wb §9 (the wider world); notes L146 (a continent settled by the Atlanteans; named after a plumed serpent after the very mystery traditions; home to ruins of an ancient people)
prophet_four_promises,the Prophet,"the court of the temple of sun and moon at night, after the reaping is weighed and the first pouring is done, before a small ring of temple keepers and strangers; he speaks once and does not come again","Four things only, and then I give you back your silence. The city states will be one hand. The easterners will return over their mountains, or they will not return. The rain will find its old road down to the river, and the broken land will close. And the old tongue will come up out of its grave with the barley. There is nothing else to say tonight. The rest is countable — seals, spears, sheaves, seasons — and the counting has begun.",INVENTED,INVENTED glue serving story.csv:act_ii (the rebellion's pull — the south organised under the sage of the swamps); wb §4.2;§5 (the enigmatic Prophet of the City of the Moon); notes L19 (unite the city states; push back the invading barbarians; fix the drought and the shattering of the land; a new age of bounty and a rebirth of Sumerian culture) — the four promises and nothing more
whisper_colonnade_deepens,an old diviner of the temple colonnade,"the colonnade of the temple of sun and moon at noon, among the diviners' stalls; he speaks without looking up from his casting-lots","I read lots for bread and I hear everything else for nothing. This season the questions have changed their shape. Men no longer ask me when the rain returns; they ask what stood in this city before kings stood in it, and who counted the years before there were kings to count them. Someone is feeding those questions to the harbour, and doing it gently. I have read the flight of birds for forty years, and I will give you one reading free: there are things at work in this world the way the worm is at work in a plank — you see nothing until the plank fails. I name no one. Neither should you. The man who names them becomes the plank.",INVENTED,INVENTED glue serving story.csv:act_ii (the mysterious cult — the whispers deepen; the order itself stays hidden); wb §2 (hidden; working in the background); notes L5;L24;L25; events:serpent_rumours
breaking_crier_eastern_wall,a conscription crier of the City of the Moon,the market square before the moon gate at first light; the crier of the imperial levy reads the Empire's demand from a sealed tablet; he has read it before and will read it again,"Hear the demand of the Empire, and answer it with your houses, not with your mouths. The eastern wall asks for sons. Every house that holds its land of the palace sends one son by the next new moon; every house that holds none sends barley by the measure posted on the gate. The levy is fed from the imperial stores while it serves, and the names are written on the tablet that goes east, and the writing does not come back. The drought is a grief, and it is not a reason the Empire hears. The tablet is sealed. I read it as it stands.",INVENTED,INVENTED glue serving story.csv:act_iii (raids and rebellion; the Empire's hold about to break); wb §4.1 (foreigners from the east raid the cities; the dynasty's hold about to break); notes L15;L21; ranks.csv:rank_3 (the palace dependant holds land for service — the tribute principle made personal); D-015
breaking_mourner_the_leaving,a wailing mourner of the river quarter,"the gate square as the levy column forms at dawn; she stands hired at the edge of it, dry-eyed until the trade takes her","I am hired for the dead, and this season I am hired for the leaving. This morning I sang the lament over forty living sons — the same words we sing over the dead, because a levy that walks east is a death that walks slowly. Their mothers would not tear their garments; a garment torn for a living son is a taunt, so they stood on their hands and let me do the weeping they are owed. The wall will send them back as dust or as strangers, and I am hired for both. Mine is the only trade in this city that the breaking has made busy.",INVENTED,INVENTED glue serving story.csv:act_iii (raids and rebellion); customs:mourning_wailing_laments (the dead are mourned aloud — lamentation priests and wailing mourners); wb §4.1; notes L15
breaking_grandmother_from_the_east,an eastern refugee grandmother,"the counting-sheds behind the moon gate where the eastern households are listed; she sits with her grandson between her knees and tells it once, quietly","We did not flee men. We fled what gripped them. In the high valleys we were herders, all of us — my fathers drove cattle before the mountains had names, and the raiders' fathers drove cattle beside ours, and we quarrelled about grass the way neighbours quarrel. Then a new thought came down the passes. The men who carried it stopped counting cattle and began counting cities, and where it walked the herds walked ahead of it. What the raiders left of us: empty roofs, and the trough. I carried the trough. I cannot tell you what the new thought is, because my own sons do not have words for it either. I only know it moves west, and now we are all west of it.",INVENTED,INVENTED glue serving story.csv:act_iii (raids and rebellion); wb §4.3 (cattle nomads turned warrior people by a new form of thought; tribal and scattered; new lands in the west); notes L20-21; events:eastern_refugees_at_the_gates
breaking_gate_sergeant_custom,the sergeant of the moon gate,"the moon gate at the morning bread, where the watch serves the gate-loaves to the camped households and counts them in and out","The custom of the river lands says a traveller at the gate eats bread and water before any question is asked, and it is the proudest thing this city owns, so we keep it. I weigh the loaves myself now. Two hundred souls slept on the flats last night, and the night before there were more, and the bin that stands behind the custom has a bottom — I have seen it. I no longer ask the questions the custom puts after the bread, because the bread gives out before the questions do. Hospitality is a field, not a feeling. Somebody has to plough it, and the gate has nothing left to plough with.",INVENTED,INVENTED glue serving story.csv:act_iii (the raids drive the eastern households to the gates); customs:hospitality_bread_water (bread and water before questions); events:eastern_refugees_at_the_gates; wb §4.1; notes L15
breaking_retributor_of_utu,a Retributor of Utu,"the river road below the moon gate at noon; a paladin of the sun resting in the shade of the gate tower, road dust on his guild mark, not kind about it","You want to know why the sun's retribution has not come to your burned villages. I will tell you plainly — a paladin who lies is a shadow. The sun sees every wrong done under it; nothing is hidden from that light, not one thing, not ever. But seeing is heaven's part. Answering is ours, and we are men, and men ride one road at a time. The guild rode out of the City of the Sun in strength when the breaking began. Half of us stand where cities pay us to stand; half ride the passes; and the passes multiply faster than paladins. A village waits for us and we are two days east of it, and two days is how long it takes a village to burn. I do not excuse the arithmetic. I only carry it. The sun is patient. We are what patience has for hands.",INVENTED,INVENTED glue serving story.csv:act_iii (raids; the Empire's hold about to break); wb §5 (the Retributors of Utu — guild of paladins headquartered at the City of the Sun); deities.csv:utu (the sun); notes L50;L71
breaking_tribute_clerk_basket,a clerk of the imperial tribute,"the courtyard of the tribute office by the harbour, where the baskets stand open for the seal before they go north; he counts under his breath even while speaking","The basket does not fast. Gems, fruits, and the white bottle — weighed, sealed, and gone north, while the city's own granary counts its floor. I have served the tribute fourteen years and I will tell you what has changed: it was a duty and it has become a stripping. The assessors come twice in a season now. The city petitions and the capital answers with the same tablet resealed, as if a seal were water. Even the white bottle must not come short — and do not ask me what is in it; no clerk below the Sukkals is ever told. An empire that eats its own provinces while the provinces starve is not being fed. It is being counted down. I write the tablets. I know what the columns do.",INVENTED,"INVENTED glue serving story.csv:act_iii (the Empire's hold about to break); wb §4.1 (conquest for tribute and gold in honor of the lady of the skies); items:tribute_gems;tribute_fruits;tribute_white_liquid (D-016 — the tribute basket: gems, fruits, a bottle of a strange white liquid); notes L15;L104; D-015 (the Sukkal rank)"
breaking_granary_keepers_thumb,a granary keeper of the temple stores,"the temple granaries at the morning measure, when the day's ration is drawn under the tally-clerk's eye","Twice a day I measure the bins, and twice a day the measure comes up short of yesterday. A thumb off the ration, they said at the start — a thumb is nothing. Then the thumb was a fist. The hoarders hold their barley back behind the market and the temple releases against them, and the two of us drain the same pool from opposite banks. I keep the tally of the city's bread, so hear what the tally says: the bottom of the bins is in sight. Not this month. Not tomorrow. In sight. The reaping bought us a season of standing further from it, and we have spent that season standing still. I pray the second counting is wrong. I have prayed it before work every day, and I count anyway.",INVENTED,INVENTED glue serving story.csv:act_iii (the Empire's hold about to break); items:drought_ration_measure (the ration machinery); events:grain_hoard_price_surge; D-011 (the drought stages drive the price model); wb §4.1; notes L104
breaking_priestess_thin_shrine,a priestess of the lady of the skies,"the garrison shrine of the lady of the skies at evening, when the evening pour is made; the benches that held the garrison's families stand mostly bare","The evening pour is made. I make it whether the benches are full or bare — that is what a priestess is. But look at the benches. The the garrison's families who crowded this shrine in my first year come now at a walk, if they come at all. The incense is bought by the pinch. Men drop barley in the dish where they once weighed out silver grains, and the taverns say worse of her each season, and say it louder, and I hear who says it. Hear me plainly: in twenty years of service I have never seen her do the things her enemies say of her. I have not always seen her do the things her friends say either. She is owed, and she is not being paid, and a priestess feels a god's attention the way skin feels frost. Whatever is unknotting the fear of her in this city, it does not hurry, and it does not leave footprints. I light the lamp anyway.",INVENTED,"INVENTED glue serving story.csv:act_iii (the player's work against the Empire and the worship of the demonic entity bears fruit — shown from the god's own house, unconfirmed per D-004); wb §4.1;§6 (the lady of the skies is Ishtar); deities:inanna; notes L15;L104"
breaking_herald_terms_read,a herald of the eastern alliance,"the bare ground before the moon gate, out past the archers' mark; a herald of the easterners stands under a truce branch and reads the tablet aloud for the third time that day","I read as I am made to read. The council of the eastern roads — the strong, who sit together because no one of them is king — has set its marks on this tablet, and the mark of the lord of the Warrior Spirit stands first among them. The terms: the pastures west of the river for our herds while the grass lasts. Grain by the settled measure, laid at this gate each season and weighed by our own hands. The passes open to our drovers both ways. Give these, and the herds walk past your walls and not through them. Refuse, and the council does not promise fire — the council promises nothing at all, and the fire follows the nothing. I am not a threat. I am a tablet that walks. The city answers when the grass yellows, or the city is answered.",INVENTED,INVENTED glue serving story.csv:act_iii (raids and rebellion); wb §4.3 (tribal and scattered; bound loosely by survival; new lands in the west); notes L21;L36 (no single king — only the strong and the council of warlords); people.csv:the_warchief (referenced by title only; his name stays OPEN); factions:eastern_barbarian_alliance
breaking_levyman_from_the_south,a levy-man of the southern alliance,"the near bank across the river at dusk, where the southern levy drinks its beer ration and watches the city lights; a boatman's son with reed-cutter's hands","Third season in the levy. I trim reeds and I hold a spear, and the drill-master says one is as useful as the other. At the first mustering I stood in, the men asked each other what we were. Nobody asks now. The Empire took our kings and its drought has taken our barley, and there is nothing left in the south for it to take but us — and it is finding we are the expensive thing. I will not stand here and tell you we win. I was at the ferry crossing. I know what the counting looks like after. But the Empire writes the same men on its levy tablets twice now, its garrisons shrink while our drill fields grow, and every harvest the arithmetic comes a little further over the river to our side. We do not speak of after. After is a country you reach by walking.",INVENTED,INVENTED glue serving story.csv:act_iii (raids and rebellion); wb §4.2; events:southern_levy_mustered; notes L15 (the south tears up the empire with patriotism and liberty);L19
breaking_brewmaster_vintage,the brewmaster of the beerhouse lane,"the brew-house of the beerhouse lane at the reckoning of the vintage; he speaks across the cooling vats to his partner, the tally-tablet already in his hand","Partner — bring your seal and we will count the days together, because I have been counting them alone. Grain at famine price, beer at the old price, drinkers drinking less of both. A jar of this brew now sells for less than the jar it stands in; the potters are richer than the brewers, and the potters are starving. I have thinned the mash, stretched the vat, paid the gate with the silver I was keeping for my daughter's dowry, and the tablet still reads against us. Forty days I have counted since the reckoning, and I will count forty more. But hold this one thing with me: the first pouring still goes to the god, thin as it is, on every brew this house makes. While the house pours first, it is still a house. That is not hope. It is a rule — and rules are what a man counts on.",INVENTED,INVENTED glue serving story.csv:act_iii (the weakening — the city feels it); quests:the_beerhouse_partnership (act_ii — the brew-house partnership; the first profit reckoned at the vintage); D-015 (the vintage season); customs:first_portion_to_the_gods (the first pouring of every brew is the god's); items:beer; notes L104
breaking_child_sky_angry,a child of the skiffwrights' lane,"the skiffwrights' lane at dusk, running beside the water-cart's last round; he puts his question to anyone who will walk at his speed","Is the sky angry? My grandmother says the sky forgot the road down to the river. My mother says the sky is busy counting and has no time for the lane. The priestess says the sky sees everything and is very patient. I am not patient, and the barley came up thin as hair, and the well in our lane went bitter, and the levy took the boy who used to lift the jars. If the sky is angry, then somebody made it angry, and I said sorry at the shrine — but nobody will tell a child which thing it was we did. And if the sky is not angry, then it is something else instead, and nobody will tell me that either.",INVENTED,"INVENTED glue serving story.csv:act_iii (the drought plainly, at its worst); wb §4.1; notes L104 (the great drought that engulfs the lands); quests:the_well_under_the_moon_gate (the lane's well going brackish); echoes dialogues:texture_water_carrier_tally"
reset_scribe_clock,an old scribe of the tablet-house,"the tablet-house of the City of the Moon at the year's turning, the king-lists copied and shelved; he speaks to the young scribes while the lamps are trimmed","I have copied the king-list every year of my service — reign by reign, from the founder's line to the emperor who sits the throne now — and I will tell you what the tablets say that no herald reads aloud. The count does not bend. The dynasty's hold breaks on its own arithmetic: the river fallen, the east coming down, the south risen, and no prayer, no knife and no alliance adds one year to the tally. The empire lies on its last pillars, and the great reset of the world stands at the door to wipe their land from the face of the earth — on schedule, as the counting has always run. Do not ask me whether the Empire falls. Ask what stands when it has fallen. That is the only column still open to any of us, and every power in the valley is writing in it now.",INVENTED,"INVENTED glue serving story.csv:act_iv (the great reset at the door); endings §1 (the clock does not bend — the endings decide what rises from the breaking, never whether it happens); wb §4.1 (the empire on its last pillars before the great reset wipes their land from the face of the earth); notes L104; game-design §6 (no note suggests the clock itself can be stopped)"
empire_steward_supplanting,the steward of the imperial household,"the harbour-side lodging of the emperor's own steward, on the tribute circuit in the City of the Moon; off the record, behind a barred door","I keep the emperor's house, and I will say what the household says only behind its doors: the throne does not notice it is breaking. It hears the levy counts and the tribute baskets and the rain-prayers, and it believes a throne is made by sitting on it. In a breaking age a throne is taken, not inherited — the founder took his, and the dynasty has held it for generations because no one has yet stood who could hold the founder's seat. Now the house counts its own pillars the way the granaries count their bins, and the counting does not come out ahead. Mark what I say: when the breaking finishes its work, the question before the City of Jewels will not be who inherits. It will be who can take the founder's throne — and whether the one who takes it can pay what the throne pays. The lady of the skies keeps the rain now, and the Empire's deals with her ask much of its people in avoiding catastrophe. A crown that buys the sky buys dear, and the bill is carried in from the provinces.",INVENTED,"INVENTED glue serving story.csv:act_iv (the endings — the Empire's path); endings §3.1 (the supplanting of the descendant looms; the price: deals with Ishtar asking much of its people in avoiding catastrophe); wb §4.1 (the Law Giver's dynasty — its hold about to break); wb §6 (the lady of the skies is Ishtar); game-design §11.3 (the past life's reveal is OPEN — the row hints, never confirms)"
empire_offer_taker_price,an offering-taker of the lady of the skies,"the shrine of the lady of the skies on the sacred hill of the City of the Sky, at the evening offering; she has served the empire's rain-bargain all her working life","The Empire upholds her worship everywhere it conquers and spreads it everywhere it can reach — that is the covenant, and I carry the covenant's cost in my two hands. When the river fell, the throne made its deals with her, and the deals ask much of its people in avoiding catastrophe: the first portion, the second portion, the fast, the pour, the sacrifice owed for every field the sky refuses. The catastrophe is postponed, and the asking does not stop, and the people pay it in barley and in sons and in silver grains, season upon season, while the drought stands in the sky like a creditor. I am not permitted to call the bargain bad. I am permitted to count it. Count it with me: what the sky is paid, what the people keep, and how long the postponement runs. A covenant that asks much buys the Empire its life. The price is somebody's harvest, every season, and the somebody is always the same kind of somebody.",INVENTED,INVENTED glue serving story.csv:act_iv (the endings — the Empire's path); endings §3.1 (the price: the drought handled through deals with Ishtar asking much of its people in avoiding catastrophe; the worship upheld and spread everywhere); wb §5 (the City of the Sky — the sacred hill of the Sky Father and the Lady of the Skies); D-011 (silver weighed in grains)
sumer_captain_ashes,a captain of the southern rebellion,"the river quay of the City of the Moon at night, after the secession's first fires are counted; she has come back from the north and will say it once, to whoever stands close enough","We put Akkad in ashes and something was already waiting in the ashes. I will not dress the victory. We seceded; we broke the capital's hold on the valley; we kicked out the Akkadians and the Barbarians and set our rule by eradicating all Akkadians and Barbarians, the way the alliance resolved — and the valley was clean and quiet, and the quiet was worse than the war. The cult of the lady of the skies we tore down root and branch, exactly as we swore, and on the torn ground something else took root. I did not see it. I saw what it left: altars that were not ours, standing in villages that had no say, and the word going up the river that an empire of the bull remains and that its cult spreads instead of hers. Ask me what it is and I will tell you what I told my spears: I do not know. The pious will say a demon took the emptied seat; the soldiers will say it was only the war wearing a newer face. Both readings sit in my stomach yet. This much I know: we cleared the throne-room, and something walked in before we had finished sweeping. Victory costs. Its bill arrives later, in the dark, and it is never written out in full.",INVENTED,"INVENTED glue serving story.csv:act_iv (the endings — the Sumerian path); endings §3.2 (the secession; Akkad in ashes; the eradication; the price: a new hidden evil takes the torn-down cult's place — the empire of the bull remains and its cult spreads; what it is is OPEN, game-design §11.11); D-004 (the demonic claim is never authorially confirmed — both readings shown)"
sumer_secession_clerk,a tally-clerk of the secession,"the gate-table of a southern city state after the secession, where the lists of those who go are written and witnessed; he does not look up from the tablet","Bring your household and your seal, and stand at the table. If the rolls name you of Akkad, or your blood the eastern hills, the city writes you out today — that is the rebirth's first law, and I am the hand that writes it. Kick out all Akkadians and Barbarians, the alliance resolved; establish rule by eradicating all Akkadians and Barbarians, it resolved after; and the tablets do not explain that the eradicating is done with ledgers. A man who was my neighbour the day the secession stood is a name on today's list, and his barley stays and his door is sealed and his gods' names are chiselled out of the gate-stone. Meanwhile the old classics are copied and spread and shared, the schools are full, and the old tongue is coming up out of its grave — the rebirth is real. But the clerk's desk keeps a second shelf now, for the lists of the gone. I used to believe a clerk counts what a city owns. The rebirth has taught me the rest of the trade: a clerk also counts what a city makes itself not own. That column does not close. I have written out children.",INVENTED,INVENTED glue serving story.csv:act_iv (the endings — the Sumerian path); endings §3.2 (kick out all Akkadians and Barbarians; rule established by eradicating all Akkadians and Barbarians; the old classics spread and shared); wb §4.2 (the rebellion of the southern city states)
horde_warlord_terms,a warlord of the eastern council,"the burned ground of a river crossing at dusk, where the council's terms are spoken across the water to the settlements that remain","Hear the council's terms, and hear them once. We set no crown over the river lands — there is no crown among us. There is no single true king and there will not be one: we are, and always will be, a wild bunch, and even gathered under one banner we fall into bickering again and again. There is only the strong, and the council of warlords, and the strong do not bargain with tablets. The terms are these. The herds graze where the herds wish. Each of the strong rules what his own hand has taken, and answers to the council and to no one else. Your settlements are subjugated, not sworn: the horde sweeps down the river lands like a horde of locusts, and what the locusts pass, the locusts keep. Keep your scribes; we will not read them. Your counting, your walls, your king-lists — none of it takes in us, for we resist integration as you once resisted ours, and the legacy of the Law Maker and the Sumerians is finished with this land. That is not a threat. That is the shape of what comes over the ford at dawn.",INVENTED,"INVENTED glue serving story.csv:act_iv (the endings — the Barbarian path); endings §3.3 (the horde sweeps down the river lands like a horde of locusts, subjugating the inhabitants; the legacy of the Law Maker and the Sumerians finished; no single king — the council of warlords); notes L34;L36 (no single true king; the strong and the council of warlords; bickering under one banner); wb §4.3"
horde_shaman_running_free,a shaman of the old way,"the night fire of the council's camp on the river plain, among the bones of a burned granary; he reads the future in the smoke and gives it without being asked","You want the council's future out of the smoke, so take it, and do not thank me. The strong will take everything and govern nothing, because a herd is not a city and the strong do not know how to keep one — the poor keeping of the Barbarians will lead to a decay of the land, as it has in every valley this has happened to. The traces of the river people's history and culture will collapse and fall into rot and be forgotten; I have walked through such valleys in the great range east, where the counting-houses stand open to the sky and the grass grows through the seals. Trade will stagnate; the canals will silt; the farm animals will run free through the gates, and no one will gather them, because gathering is a kind of counting and the counting will be finished. The valley's memory rots. Do not weep for it. This is the old way come back — the shaman's way, the way of the river people before the urbanisation walled it out — and the wildness is real, and so is the forgetting, and my gods eat memory the way the fire eats the granary. Sit in the council, if the strong will have you. But keep your name in your own mouth, for no tablet will hold it for you.",INVENTED,INVENTED glue serving story.csv:act_iv (the endings — the Barbarian path); endings §3.3 (the price: poor administration decays the land; history and culture collapse into rot and are forgotten; the economy stagnates; the farm animals run free; the valley's memory rots); notes L35 (the old shamanistic way of life before the urbanisation); wb §4.3
founding_settler_roof,a settler of the new founding,the first street of the founding — the city-state the newcomer has made his own — at the raising of the first finished roof-beam; the settlement's people gather with the beam-ropes still on their shoulders,"Hold the beam — hold — and set it. There. That is a roof. Three seasons past there was nothing here but a river-bend and our want; the people came a household at a time, forty souls at the first counting, and the first field went in with seed we could not afford to eat instead. Enough to eat is not a boast — it is the second field, and the third, and a granary with a door that seals. The wall is a ditch and a promise; the promise needs watching men, the watching men need bread, and the bread needs the fields — everything here needs everything else, and that is what a city is. The temple is stakes and string on the hill. The patron god is not yet called; the founding rite is not yet made; and no one on this street will pretend the city is done. But the roof is done, and under it tonight sleeps a child born on the road. Say what you like about kings. A kingdom is people, and food, and walls, and a god — and this evening it is a roof, and the roof is ours.",INVENTED,"INVENTED glue serving story.csv:act_iv (the right of kingship; found the traditional kingdom); endings §2 (the founding requirements: people, food security, walls and a defence force, a temple and a patron god with the founding rite); notes L9 (the player can make his own city state); wb §4.1 (farmer communities grown into city states — the founding in miniature)"
founding_seal_cutter,the seal-cutter of the new city,"the bench outside the founding's shrine-house; the city's first seal lies half-cut between them, and the question is put before the final cutting — a seal-cutter will not choose a face for a man","The stone is cut and the sign is ready, and one thing a seal-cutter will not choose for another man, so I am asking to your face: whose face goes on the seal? Every city is known by its seal before it is known by its walls. The sister cities read it; the caravans trust it; the treaties are traded on it — recognition is a thing you stamp, not a thing you say. Kings put their fathers on the seal, or their gods, or the founders they wish they had been. But this city has one story and no older name to hide behind: you called the people, you broke the first field, you spoke for the city when there was no city to speak for. The face on the seal is the city's word, and the city's word is yours. It goes on bearing your own face, Lugal. Hold still while I look at you. A seal must last longer than the stone it is cut on, and men's faces do not.",INVENTED,INVENTED glue serving story.csv:act_iv (the right of kingship); endings §2 (the founding requirements: recognition — treaty or open independence — and the royal seal); notes L11 (becoming his king by establishing his own traditional kingdom); ranks.csv:rank_6 (6 — Lugal (King); D-015 — the founding's crown)
founding_first_law_edge,the herald of the founding,"the first assembly of the new city-state at first light, all the founding's people gathered before the unfinished temple on the hill; the herald speaks the city's own voice, and stops at the edge of it","The people are counted: everyone the city has is here. The food is counted: the granary stands and the fields are sown. The walls are counted: the ditch, the gate, the watch, and the men for the watch. The temple is counted: raised to the lintels, waiting only for its god and the founding rite. The seal is counted: cut, and seen by the cities that matter. Nothing else is counted, because nothing else exists — a city is not counted in silver grains, nor in burned cities, nor in the fear of the powers that ring it. The world outside is what it has always been: an age more violent and chaotic than the last, demanding of men a balance between compassion and wrath, and powers that ask much and pay in catastrophe. This city is raised against that — not against a people, and not for a conquest, but against the breaking itself: so that somewhere in the valley the counting serves the counted. Everything a founding can finish, this founding has finished. The one thing a founding cannot do is rule. That part was always yours. The people are assembled, the morning is open, and the first law is yours to speak.",INVENTED,"INVENTED glue serving story.csv:act_iv (found the traditional kingdom); endings §2 (the founding requirements met and counted at the first assembly); notes L11 (becoming his king… to counteract these degenerate forces — the counteraction voiced by the city itself); notes L23 (the age more violent and chaotic than the last — compassion with wrath, justice and petty revenge); the cliffhanger's own content stays the designer's (game-design §11.14) and the hidden path's sequence stays unwritten (game-design §11.12)"
