id,city,district,kind,building_id,owner_person_id,name,description,quarter,typology,wealth,x_m,y_m,yaw_deg,w_m,d_m,tag,source_ref
moon_gate_place,city_of_the_moon,The Moon Gate & the Caravan Yard,gate,city_gate,,The Moon Gate,"The street's gate into the city; opens at dawn and shuts at dusk, the night watch relieved and carts queued outside counted in.",moon_gate_quarter,city_gate,civic,103.6,-11.5,103.0,16,10,INVENTED,INVENTED (D-018); buildings.csv city_gate; schedules.csv gates_open_at_dawn;gates_close_at_dusk
gate_watch_post_place,city_of_the_moon,The Moon Gate & the Caravan Yard,watch post,watch_post,,The Gate Watch Post,Where the night watch mounts the wall and the three watches turn until dawn.,moon_gate_quarter,watch_post,civic,134.7,-8.2,105.0,7,6,INVENTED,INVENTED (D-018); buildings.csv watch_post; schedules.csv watchmen_night_patrol;deep_watch
gate_toll_house_place,city_of_the_moon,The Moon Gate & the Caravan Yard,toll house,,,The Toll House,Toll table with scales under an awning.,moon_gate_quarter,toll_house,civic,133.3,0.2,100.5,6,5,INVENTED,INVENTED (D-018/D-025); docs/city-of-the-moon.md; building_types.csv toll_house
caravan_yard_place,city_of_the_moon,The Moon Gate & the Caravan Yard,caravan yard and inn,,,The Caravan Yard and Road Inn,Walled court with donkey lines troughs and a guest gallery.,moon_gate_quarter,caravan_yard,modest,126.1,16.0,92.0,22,16,INVENTED,INVENTED (D-018/D-025); docs/city-of-the-moon.md; building_types.csv caravan_yard
brewery_tavern_place,city_of_the_moon,The Moon Gate & the Caravan Yard,brewery/tavern,brewery_tavern,ur_lisi_brewer,The Reed-Straw House,"A brewhouse and drinking room; beer fermented in great vats and drunk through reed straws, sacred to Ninkasi.",moon_gate_quarter,beerhouse,modest,130.5,34.9,82.2,11,9,INVENTED,INVENTED (D-018); foods.csv barley_beer; items.csv beer
prison_barracks_place,city_of_the_moon,The Moon Gate & the Caravan Yard,quayside prison barracks,,,The Quayside Prison Barracks,Guarded yard with shackles and a holding room.,moon_gate_quarter,prison_barracks,civic,100.8,5.4,96.0,14,9,INVENTED,INVENTED (D-018/D-025); docs/city-of-the-moon.md; building_types.csv prison_barracks
donkey_stables_place,city_of_the_moon,The Moon Gate & the Caravan Yard,donkey stables,,,The Donkey Stables,Reed-roofed pens and fodder.,moon_gate_quarter,stable,poor,100.0,20.6,89.8,12,7,INVENTED,INVENTED (D-018/D-025); docs/city-of-the-moon.md; building_types.csv stable
street_well_place,city_of_the_moon,The Moon Gate & the Caravan Yard,well,,,The Street Well,Where the water-carriers draw the day's water at the coolest hour; every jar counted in the drought.,moon_gate_quarter,well_house,civic,100.4,31.0,85.5,5,5,INVENTED,INVENTED (D-018); schedules.csv water_carriers_draw; wb §4.1 (the drought that is breaking the world)
elder_house_1_place,city_of_the_moon,The Moon Gate & the Caravan Yard,house,mudbrick_house_modest,huzalatum_household_elder,Huzalatum's House,A modest household headed by an elder of the street.,moon_gate_quarter,home_modest,modest,101.4,39.5,82.0,8,7,INVENTED,INVENTED (D-018)
elder_house_2_place,city_of_the_moon,The Moon Gate & the Caravan Yard,house,mudbrick_house_modest,amat_shamash_household_elder,Amat-Shamash's House,A modest household headed by an elder of the street.,moon_gate_quarter,home_modest,modest,75.3,-24.1,105.0,8,7,INVENTED,INVENTED (D-018)
gate_tenement_place,city_of_the_moon,The Moon Gate & the Caravan Yard,tenement court,,,The Gate Tenement,Many doors round one shared court and oven.,moon_gate_quarter,home_tenement,poor,74.1,-12.2,101.0,12,10,INVENTED,INVENTED (D-018/D-025); docs/city-of-the-moon.md; building_types.csv home_tenement
moon_gate_quarter_home_1_place,city_of_the_moon,The Moon Gate & the Caravan Yard,poor one-room house,,,Poor one-room house,Rough plaster a reed door and a quern outside.,moon_gate_quarter,home_hut,poor,69.9,-1.6,97.2,6,5,INVENTED,INVENTED (D-018/D-025); docs/city-of-the-moon.md; building_types.csv home_hut
moon_gate_quarter_home_2_place,city_of_the_moon,The Moon Gate & the Caravan Yard,poor one-room house,,,Poor one-room house,Rough plaster a reed door and a quern outside.,moon_gate_quarter,home_hut,poor,69.0,6.5,94.5,6,5,INVENTED,INVENTED (D-018/D-025); docs/city-of-the-moon.md; building_types.csv home_hut
moon_gate_quarter_home_3_place,city_of_the_moon,The Moon Gate & the Caravan Yard,poor one-room house,,,Poor one-room house,Rough plaster a reed door and a quern outside.,moon_gate_quarter,home_hut,poor,68.6,14.8,91.8,6,5,INVENTED,INVENTED (D-018/D-025); docs/city-of-the-moon.md; building_types.csv home_hut
market_square_place,city_of_the_moon,The Crescent Market,market,,,The Market Square,The open square where the street's stalls set out each morning; the richest trade of the City of the Moon passes through here.,crescent_market,market_square,civic,131.9,53.0,73.0,20,14,INVENTED,INVENTED (D-018); wb §5 (hub of trade and scholarship); notes L52
stall_grain_place,city_of_the_moon,The Crescent Market,market stall,market_stall,ea_nasir_grain_trader,Ea-nasir's Grain Stall,"Grain and barley weighed out under an awning; the stall the temple's debt-collector is sent to, its keeper known for laughing at temple marks.",crescent_market,market_stall,modest,141.9,65.2,65.2,5,4,INVENTED,INVENTED (D-018); quests.csv the_priestess_debt; items.csv grain
stall_salt_oil_place,city_of_the_moon,The Crescent Market,market stall,market_stall,waqurtum_salt_oil_trader,Waqurtum's Salt and Oil Stall,Salt from the southern marshes and pressed sesame oil sold by measure.,crescent_market,market_stall,modest,144.9,71.1,61.8,5,4,INVENTED,INVENTED (D-018); items.csv salt;sesame_oil
stall_pottery_place,city_of_the_moon,The Crescent Market,market stall,market_stall,baranamtarra_pottery_trader,Baranamtarra's Pottery Stall,"Plain wheel-thrown wares stacked for sale: jars, bowls, lamps.",crescent_market,market_stall,modest,148.4,77.2,58.0,5,4,INVENTED,INVENTED (D-018); items.csv pottery
stall_cloth_place,city_of_the_moon,The Crescent Market,market stall,market_stall,iltani_cloth_trader,Iltani's Cloth Stall,Woolen and linen cloth folded on the counter for the street's households.,crescent_market,market_stall,modest,152.1,82.7,54.5,5,4,INVENTED,INVENTED (D-018); items.csv woolen_cloth;linen_cloth
stall_produce_place,city_of_the_moon,The Crescent Market,market stall,market_stall,matatum_produce_trader,Matatum's Produce Stall,"Dates, onions, garlic and leeks piled in baskets.",crescent_market,market_stall,modest,156.1,88.0,51.0,5,4,INVENTED,INVENTED (D-018); foods.csv dates;onions_garlic_leeks
stall_dates_place,city_of_the_moon,The Crescent Market,market stall,market_stall,,The Date Stall,A counter under a dyed awning with the goods on show.,crescent_market,market_stall,modest,160.7,93.3,47.2,5,4,INVENTED,INVENTED (D-018/D-025); docs/city-of-the-moon.md; building_types.csv market_stall
stall_spices_place,city_of_the_moon,The Crescent Market,market stall,market_stall,,The Spice and Herb Stall,A counter under a dyed awning with the goods on show.,crescent_market,market_stall,modest,165.7,98.3,43.5,5,4,INVENTED,INVENTED (D-018/D-025); docs/city-of-the-moon.md; building_types.csv market_stall
stall_leather_place,city_of_the_moon,The Crescent Market,market stall,market_stall,,The Leather Goods Stall,A counter under a dyed awning with the goods on show.,crescent_market,market_stall,modest,170.9,103.0,39.8,5,4,INVENTED,INVENTED (D-018/D-025); docs/city-of-the-moon.md; building_types.csv market_stall
stall_bronze_goods_place,city_of_the_moon,The Crescent Market,market stall,market_stall,,The Bronze Goods Stall,A counter under a dyed awning with the goods on show.,crescent_market,market_stall,modest,176.5,107.4,36.0,5,4,INVENTED,INVENTED (D-018/D-025); docs/city-of-the-moon.md; building_types.csv market_stall
cookshop_place,city_of_the_moon,The Crescent Market,cook-shop,market_stall,shamash_hazir_cookshop,The Noon Cook-shop,"Serves the noon meal to day-laborers, paid in bread and beer and barley.",crescent_market,cookshop,modest,115.8,46.4,78.0,7,6,INVENTED,INVENTED (D-018); schedules.csv cookshops_noon_meal
bakery_place,city_of_the_moon,The Crescent Market,bakery,bakery,ur_shara_baker,The Street Bakery,Clay ovens fired before dawn; the street's barley bread comes out at sunrise.,crescent_market,bakery,modest,118.6,55.4,73.8,8,7,INVENTED,INVENTED (D-018); schedules.csv baker_fires_the_oven; foods.csv barley_bread
weights_house_place,city_of_the_moon,The Crescent Market,house of weights,,,The House of Weights,Official scales and duck-shaped stone weights.,crescent_market,weights_house,civic,122.6,65.7,68.8,10,8,INVENTED,INVENTED (D-018/D-025); docs/city-of-the-moon.md; building_types.csv weights_house
market_scribe_booth_place,city_of_the_moon,The Crescent Market,scribe's booth,,,The Scribe's Booth by the Well,A writing table by the well for hire.,crescent_market,scribe_booth,modest,182.0,111.1,32.5,5,4,INVENTED,INVENTED (D-018/D-025); docs/city-of-the-moon.md; building_types.csv scribe_booth
millers_house_place,city_of_the_moon,The Crescent Market,house,mudbrick_house_modest,shesh_kalla_miller,The Miller's House,"The miller's family home, quern-dust on the threshold.",crescent_market,mill,modest,126.5,75.9,63.8,8,7,INVENTED,INVENTED (D-018)
bakers_house_place,city_of_the_moon,The Crescent Market,house,mudbrick_house_modest,ur_shara_baker,The Baker's House,"The baker's family home, warm with the smell of the ovens next door.",crescent_market,home_modest,modest,131.3,84.7,59.2,8,7,INVENTED,INVENTED (D-018)
market_tenement_place,city_of_the_moon,The Crescent Market,tenement court,,,The Market Tenement,Many doors round one shared court and oven.,crescent_market,home_tenement,poor,139.2,93.9,53.8,12,10,INVENTED,INVENTED (D-018/D-025); docs/city-of-the-moon.md; building_types.csv home_tenement
crescent_market_home_1_place,city_of_the_moon,The Crescent Market,artisan house-workshop,,,Artisan house-workshop,Shop in front and family behind.,crescent_market,home_artisan,modest,146.4,104.3,48.0,9,8,INVENTED,INVENTED (D-018/D-025); docs/city-of-the-moon.md; building_types.csv home_artisan
crescent_market_home_2_place,city_of_the_moon,The Crescent Market,artisan house-workshop,,,Artisan house-workshop,Shop in front and family behind.,crescent_market,home_artisan,modest,154.1,112.2,43.0,9,8,INVENTED,INVENTED (D-018/D-025); docs/city-of-the-moon.md; building_types.csv home_artisan
crescent_market_home_3_place,city_of_the_moon,The Crescent Market,artisan house-workshop,,,Artisan house-workshop,Shop in front and family behind.,crescent_market,home_artisan,modest,162.4,119.3,38.0,9,8,INVENTED,INVENTED (D-018/D-025); docs/city-of-the-moon.md; building_types.csv home_artisan
crescent_market_home_4_place,city_of_the_moon,The Crescent Market,artisan house-workshop,,,Artisan house-workshop,Shop in front and family behind.,crescent_market,home_artisan,modest,171.4,125.7,33.0,9,8,INVENTED,INVENTED (D-018/D-025); docs/city-of-the-moon.md; building_types.csv home_artisan
smithy_place,city_of_the_moon,The smiths' lane,smithy,mudbrick_house_modest,nur_ea_smith,The Coppersmith's Forge,"A walled yard with a clay furnace, bellows of goatskin and crucibles; blades are mended and broken bronze recast here.",smiths_lane,foundry,modest,88.3,46.7,80.0,10,8,INVENTED,"INVENTED (W4-B; D-018, D-021): repair and recasting of arms (kernel Combat repair/recast); ledger docs/proposals/invented-ledger-combat.md #7"
armourer_place,city_of_the_moon,The smiths' lane,armourer,,,The Armourer's Workshop,Scale plates being laced and hide shields drying.,smiths_lane,armourer,modest,91.2,57.8,75.8,9,7,INVENTED,INVENTED (D-018/D-025); docs/city-of-the-moon.md; building_types.csv armourer
bowyer_place,city_of_the_moon,The smiths' lane,bowyer and fletcher,,,The Bowyer and Fletcher,Spear shafts bows on pegs feathers and arrowheads.,smiths_lane,bowyer,modest,94.7,67.9,71.8,8,6,INVENTED,INVENTED (D-018/D-025); docs/city-of-the-moon.md; building_types.csv bowyer
potters_house_place,city_of_the_moon,The smiths' lane,house,mudbrick_house_modest,nammahani_potter,The Potter's House,"The potter's home and yard, stacked with drying greenware.",smiths_lane,potter,modest,97.3,79.1,67.5,11,9,INVENTED,INVENTED (D-018)
weavers_house_place,city_of_the_moon,The smiths' lane,house,mudbrick_house_modest,kunshiatum_weaver,The Weaver's House,"The weaver's home, a loom set up in the courtyard shade.",smiths_lane,dyer_weaver,modest,103.1,90.5,62.8,10,8,INVENTED,INVENTED (D-018)
oil_press_place,city_of_the_moon,The smiths' lane,oil and perfume press,,,The Oil and Perfume Press,A beam press and a scented court.,smiths_lane,oil_press,comfortable,108.7,100.5,58.5,9,8,INVENTED,INVENTED (D-018/D-025); docs/city-of-the-moon.md; building_types.csv oil_press
jeweller_place,city_of_the_moon,The smiths' lane,jeweller and seal-cutter,,,The Jeweller and Seal-Cutter,A shady booth of lapis carnelian and cylinder seals.,smiths_lane,jeweller,comfortable,71.1,49.8,80.0,6,5,INVENTED,INVENTED (D-018/D-025); docs/city-of-the-moon.md; building_types.csv jeweller
physicians_house_place,city_of_the_moon,The smiths' lane,house,mudbrick_house_modest,urlugaledina_physician,The Physician's House,"The asû's house: bundles of drying herbs under the eaves, jars of oil and plaster, a bench where the wounded are laid and bound.",smiths_lane,physician,comfortable,74.5,59.0,76.8,9,8,INVENTED,"INVENTED (W4-B; D-018, D-021): the street's healer (kernel Combat treat_wounds 'healer'); ledger docs/proposals/invented-ledger-combat.md #7"
smiths_lane_home_1_place,city_of_the_moon,The smiths' lane,artisan house-workshop,,,Artisan house-workshop,Shop in front and family behind.,smiths_lane,home_artisan,modest,77.4,69.7,73.0,9,8,INVENTED,INVENTED (D-018/D-025); docs/city-of-the-moon.md; building_types.csv home_artisan
smiths_lane_home_2_place,city_of_the_moon,The smiths' lane,artisan house-workshop,,,Artisan house-workshop,Shop in front and family behind.,smiths_lane,home_artisan,modest,81.0,80.2,69.2,9,8,INVENTED,INVENTED (D-018/D-025); docs/city-of-the-moon.md; building_types.csv home_artisan
smiths_lane_home_3_place,city_of_the_moon,The smiths' lane,artisan house-workshop,,,Artisan house-workshop,Shop in front and family behind.,smiths_lane,home_artisan,modest,85.3,90.5,65.5,9,8,INVENTED,INVENTED (D-018/D-025); docs/city-of-the-moon.md; building_types.csv home_artisan
temple_front_place,city_of_the_moon,The Sacred Mound,temple,temple_of_sun_and_moon,,The Temple Front,"The street-facing porch of the temple of sun and moon, where the morning and evening offerings are sung and passers-by leave small gifts.",sacred_mound,ziggurat,sacred,240.0,160.0,0.0,46,64,INVENTED,INVENTED (D-018); buildings.csv temple_of_sun_and_moon (CANON); schedules.csv sun_temple_morning_rite;moon_temple_evening_rite
priestess_house_place,city_of_the_moon,The Sacred Mound,house,mudbrick_house_courtyard,enmenanna_priestess_moon,The Priestess's House,"Home of the temple's priestess, who owes a debt she cannot be seen chasing down herself.",sacred_mound,gipar,elite,191.3,120.9,25.8,16,12,INVENTED,INVENTED (D-018); quests.csv the_priestess_debt
moon_pool_place,city_of_the_moon,The Sacred Mound,the moon pool,,,The Moon Pool,A stepped basin where salt and fresh water meet.,sacred_mound,moon_pool,sacred,273.3,129.0,-17.0,16,16,INVENTED,INVENTED (D-018/D-025); docs/city-of-the-moon.md; building_types.csv moon_pool
temple_stores_place,city_of_the_moon,The Sacred Mound,temple stores,,,The Temple Stores,Sealed storerooms and a granary dome.,sacred_mound,temple_stores,civic,208.2,125.8,16.8,14,9,INVENTED,INVENTED (D-018/D-025); docs/city-of-the-moon.md; building_types.csv temple_stores
temple_kitchens_place,city_of_the_moon,The Sacred Mound,temple kitchens,,,The Temple Kitchens,Ovens and offering tables for the gods' meals.,sacred_mound,temple_kitchens,civic,287.4,119.3,-25.5,12,8,INVENTED,INVENTED (D-018/D-025); docs/city-of-the-moon.md; building_types.csv temple_kitchens
diviners_house_place,city_of_the_moon,The Sacred Mound,diviner's house,,,The Diviner's House,Clay liver models and a tethered sheep.,sacred_mound,diviner,comfortable,170.0,141.2,30.0,9,8,INVENTED,INVENTED (D-018/D-025); docs/city-of-the-moon.md; building_types.csv diviner
exorcists_house_place,city_of_the_moon,The Sacred Mound,exorcist's house,,,The Exorcist's House,Amulet racks incense and threshold figurines.,sacred_mound,exorcist,comfortable,179.7,146.4,25.5,9,8,INVENTED,INVENTED (D-018/D-025); docs/city-of-the-moon.md; building_types.csv exorcist
moon_niche_place,city_of_the_moon,The Sacred Mound,shrine,,,The Moon Niche,A small wayside niche facing the temple where residents leave offerings between the great rites.,sacred_mound,street_shrine,civic,219.1,124.9,11.2,3,2,INVENTED,INVENTED (D-018); wb §5 (temple of sun and moon); deities.csv nanna
street_granary_place,city_of_the_moon,The Sacred Mound,granary,,,The Street Granary,A small street-level granary holding the ration measure against the drought.,sacred_mound,granary,civic,190.4,150.9,20.8,10,10,INVENTED,INVENTED (D-018); items.csv drought_ration_measure; wb §4.1
sacred_mound_home_1_place,city_of_the_moon,The Sacred Mound,courtyard house,,,Courtyard house,A court with well shrine and palm.,sacred_mound,home_courtyard,comfortable,202.6,154.9,15.5,11,10,INVENTED,INVENTED (D-018/D-025); docs/city-of-the-moon.md; building_types.csv home_courtyard
sacred_mound_home_2_place,city_of_the_moon,The Sacred Mound,courtyard house,,,Courtyard house,A court with well shrine and palm.,sacred_mound,home_courtyard,comfortable,271.5,156.4,-13.0,11,10,INVENTED,INVENTED (D-018/D-025); docs/city-of-the-moon.md; building_types.csv home_courtyard
sacred_mound_home_3_place,city_of_the_moon,The Sacred Mound,courtyard house,,,Courtyard house,A court with well shrine and palm.,sacred_mound,home_courtyard,comfortable,284.4,152.8,-18.5,11,10,INVENTED,INVENTED (D-018/D-025); docs/city-of-the-moon.md; building_types.csv home_courtyard
sacred_mound_home_4_place,city_of_the_moon,The Sacred Mound,courtyard house,,,Courtyard house,A court with well shrine and palm.,sacred_mound,home_courtyard,comfortable,296.9,147.9,-24.0,11,10,INVENTED,INVENTED (D-018/D-025); docs/city-of-the-moon.md; building_types.csv home_courtyard
tablet_school_place,city_of_the_moon,The House of Tablets,the tablet school,,,The Tablet School,Tablet shelves clay bins and pupils' benches.,house_of_tablets,scribal_school,comfortable,302.6,112.9,-34.0,16,12,INVENTED,INVENTED (D-018/D-025); docs/city-of-the-moon.md; building_types.csv scribal_school
tablet_archive_place,city_of_the_moon,The House of Tablets,tablet archive,,,The Tablet Archive,Shelves of tablets behind a sealed door.,house_of_tablets,archive,civic,314.7,101.5,-42.5,12,9,INVENTED,INVENTED (D-018/D-025); docs/city-of-the-moon.md; building_types.csv archive
star_terrace_place,city_of_the_moon,The House of Tablets,the star terrace,,,The Star Terrace,A stepped roof platform with a gnomon.,house_of_tablets,star_terrace,civic,325.8,92.0,-50.0,12,12,INVENTED,INVENTED (D-018/D-025); docs/city-of-the-moon.md; building_types.csv star_terrace
scribes_house_place,city_of_the_moon,The House of Tablets,house,mudbrick_house_courtyard,lu_nanna_scribe,The Scribe's House,Home and workroom of the street's scribe; wet tablets dry in racks by the door.,house_of_tablets,home_courtyard,comfortable,333.4,80.0,-57.2,11,10,INVENTED,INVENTED (D-018); schedules.csv scribes_open_the_tablet_house
house_of_tablets_home_1_place,city_of_the_moon,The House of Tablets,courtyard house,,,Courtyard house,A court with well shrine and palm.,house_of_tablets,home_courtyard,comfortable,314.2,138.7,-32.0,11,10,INVENTED,INVENTED (D-018/D-025); docs/city-of-the-moon.md; building_types.csv home_courtyard
house_of_tablets_home_2_place,city_of_the_moon,The House of Tablets,courtyard house,,,Courtyard house,A court with well shrine and palm.,house_of_tablets,home_courtyard,comfortable,325.2,131.1,-37.5,11,10,INVENTED,INVENTED (D-018/D-025); docs/city-of-the-moon.md; building_types.csv home_courtyard
house_of_tablets_home_3_place,city_of_the_moon,The House of Tablets,courtyard house,,,Courtyard house,A court with well shrine and palm.,house_of_tablets,home_courtyard,comfortable,335.5,122.4,-43.0,11,10,INVENTED,INVENTED (D-018/D-025); docs/city-of-the-moon.md; building_types.csv home_courtyard
house_of_tablets_home_4_place,city_of_the_moon,The House of Tablets,courtyard house,,,Courtyard house,A court with well shrine and palm.,house_of_tablets,home_courtyard,comfortable,344.9,112.8,-48.5,11,10,INVENTED,INVENTED (D-018/D-025); docs/city-of-the-moon.md; building_types.csv home_courtyard
great_lighthouse_place,city_of_the_moon,The Lighthouse Horn,lighthouse,great_lighthouse,,The Great Lighthouse,The tower whose fire guides the ships of the sea lanes past the dark coast; the keeper takes harbor dues in barley and silver by weight at its foot.,lighthouse_horn,lighthouse,civic,447.7,-35.6,-105.0,14,14,INVENTED,INVENTED (D-018; D-020); buildings.csv great_lighthouse (CANON); schedules.csv lighthouse_harbor_watch;lighthouse_fire_through_night; wb §5; notes L52
sea_gate_place,city_of_the_moon,The Lighthouse Horn,the sea gate,,,The Sea Gate,A gate onto the quay with a customs table.,lighthouse_horn,sea_gate,civic,404.1,2.8,-96.0,10,8,INVENTED,INVENTED (D-018/D-025); docs/city-of-the-moon.md; building_types.csv sea_gate
keepers_house_place,city_of_the_moon,The Lighthouse Horn,lighthouse keepers' house,,,The Lighthouse Keepers' House,A fuel store of reed bundles and bitumen.,lighthouse_horn,keepers_house,modest,372.9,96.7,-60.0,9,7,INVENTED,INVENTED (D-018/D-025); docs/city-of-the-moon.md; building_types.csv keepers_house
enki_shrine_place,city_of_the_moon,The Lighthouse Horn,shrine of enki,,,The Shrine of Enki above the Sea,A water lord's shrine above the sea.,lighthouse_horn,cliff_shrine,sacred,376.9,88.3,-63.5,6,6,INVENTED,INVENTED (D-018/D-025); docs/city-of-the-moon.md; building_types.csv cliff_shrine
lighthouse_horn_home_1_place,city_of_the_moon,The Lighthouse Horn,modest house,,,Modest house,Plastered with a roof shelter.,lighthouse_horn,home_modest,modest,381.0,80.6,-66.8,8,7,INVENTED,INVENTED (D-018/D-025); docs/city-of-the-moon.md; building_types.csv home_modest
lighthouse_horn_home_2_place,city_of_the_moon,The Lighthouse Horn,modest house,,,Modest house,Plastered with a roof shelter.,lighthouse_horn,home_modest,modest,384.7,71.2,-70.5,8,7,INVENTED,INVENTED (D-018/D-025); docs/city-of-the-moon.md; building_types.csv home_modest
lighthouse_horn_home_3_place,city_of_the_moon,The Lighthouse Horn,modest house,,,Modest house,Plastered with a roof shelter.,lighthouse_horn,home_modest,modest,387.7,61.7,-74.2,8,7,INVENTED,INVENTED (D-018/D-025); docs/city-of-the-moon.md; building_types.csv home_modest
lighthouse_wharf_place,city_of_the_moon,The Lagoon Wharf,wharf,,,The Lighthouse Wharf,The quays below the Great Lighthouse where the fishing boats put out on the morning tide and outbound cargo is carried down for the evening tide.,lagoon_wharf,wharf,civic,342.2,60.8,-68.2,26,8,INVENTED,INVENTED (D-018; D-020); schedules.csv fishermen_morning_tide;dockworkers_outbound_cargo; quests.csv errand_for_the_caravan_master;a_share_of_the_sea_lanes (the lighthouse wharf); dialogues.csv arrival_captain_verdict (the dockside below the Great Lighthouse); notes L52
fish_market_place,city_of_the_moon,The Lagoon Wharf,fish market,,,The Fish Market,Fish on reed mats gulls and dogs waiting.,lagoon_wharf,fish_market,modest,348.1,40.5,-79.2,12,8,INVENTED,INVENTED (D-018/D-025); docs/city-of-the-moon.md; building_types.csv fish_market
customs_house_place,city_of_the_moon,The Lagoon Wharf,customs house,,,The Customs House,Sealed bales and a scribe at a table.,lagoon_wharf,customs_house,civic,350.3,26.7,-86.5,11,9,INVENTED,INVENTED (D-018/D-025); docs/city-of-the-moon.md; building_types.csv customs_house
warehouse_1_place,city_of_the_moon,The Lagoon Wharf,merchant warehouse,,,The Copper Warehouse,Sealed jars and bales stacked to the rafters.,lagoon_wharf,warehouse,comfortable,350.2,11.8,-94.2,14,9,INVENTED,INVENTED (D-018/D-025); docs/city-of-the-moon.md; building_types.csv warehouse
warehouse_2_place,city_of_the_moon,The Lagoon Wharf,merchant warehouse,,,The Grain and Oil Warehouse,Sealed jars and bales stacked to the rafters.,lagoon_wharf,warehouse,comfortable,347.8,-4.4,-102.8,14,9,INVENTED,INVENTED (D-018/D-025); docs/city-of-the-moon.md; building_types.csv warehouse
shipwright_place,city_of_the_moon,The Lagoon Wharf,shipwright's slip,,,The Shipwright's Slip,A slip into the lagoon with reed boats and bitumen pots.,lagoon_wharf,boatyard,modest,348.3,82.5,-60.0,16,10,INVENTED,INVENTED (D-018/D-025); docs/city-of-the-moon.md; building_types.csv boatyard
divers_hut_1_place,city_of_the_moon,The Lagoon Wharf,sea-gem divers' hut,,,A Sea-Gem Diver's Hut,Reed hut with baskets of shells and sea gems.,lagoon_wharf,divers_hut,poor,356.5,71.9,-66.0,6,5,INVENTED,INVENTED (D-018/D-025); docs/city-of-the-moon.md; building_types.csv divers_hut
divers_hut_2_place,city_of_the_moon,The Lagoon Wharf,sea-gem divers' hut,,,A Sea-Gem Diver's Hut,Reed hut with baskets of shells and sea gems.,lagoon_wharf,divers_hut,poor,359.4,64.7,-69.5,6,5,INVENTED,INVENTED (D-018/D-025); docs/city-of-the-moon.md; building_types.csv divers_hut
divers_hut_3_place,city_of_the_moon,The Lagoon Wharf,sea-gem divers' hut,,,A Sea-Gem Diver's Hut,Reed hut with baskets of shells and sea gems.,lagoon_wharf,divers_hut,poor,361.9,57.3,-73.0,6,5,INVENTED,INVENTED (D-018/D-025); docs/city-of-the-moon.md; building_types.csv divers_hut
lagoon_wharf_home_1_place,city_of_the_moon,The Lagoon Wharf,merchant house,,,Merchant house,A cedar gallery painted door and storerooms.,lagoon_wharf,home_merchant,comfortable,361.9,45.4,-78.2,13,11,INVENTED,INVENTED (D-018/D-025); docs/city-of-the-moon.md; building_types.csv home_merchant
lagoon_wharf_home_2_place,city_of_the_moon,The Lagoon Wharf,merchant house,,,Merchant house,A cedar gallery painted door and storerooms.,lagoon_wharf,home_merchant,comfortable,364.1,30.3,-85.2,13,11,INVENTED,INVENTED (D-018/D-025); docs/city-of-the-moon.md; building_types.csv home_merchant
lagoon_wharf_home_3_place,city_of_the_moon,The Lagoon Wharf,merchant house,,,Merchant house,A cedar gallery painted door and storerooms.,lagoon_wharf,home_merchant,comfortable,364.4,15.1,-92.2,13,11,INVENTED,INVENTED (D-018/D-025); docs/city-of-the-moon.md; building_types.csv home_merchant
lagoon_wharf_home_4_place,city_of_the_moon,The Lagoon Wharf,merchant house,,,Merchant house,A cedar gallery painted door and storerooms.,lagoon_wharf,home_merchant,comfortable,362.9,-0.0,-99.2,13,11,INVENTED,INVENTED (D-018/D-025); docs/city-of-the-moon.md; building_types.csv home_merchant
council_hall_place,city_of_the_moon,The Prophet's Court,the prophet's council hall,,,The Prophet's Council Hall,A painted-palm-column hall and a throne dais.,prophets_court,council_hall,elite,115.6,119.0,51.5,24,18,INVENTED,INVENTED (D-018/D-025); docs/city-of-the-moon.md; building_types.csv council_hall
envoys_house_place,city_of_the_moon,The Prophet's Court,envoys' house,,,The Envoys' House,Guest rooms for the southern city-states' envoys.,prophets_court,envoys_house,comfortable,132.3,131.5,44.0,12,10,INVENTED,INVENTED (D-018/D-025); docs/city-of-the-moon.md; building_types.csv envoys_house
rebel_barracks_place,city_of_the_moon,The Prophet's Court,rebel barracks and yard,,,The Rebel Barracks and Yard,A training yard spear racks and banners.,prophets_court,rebel_barracks,modest,145.0,143.8,37.5,18,12,INVENTED,INVENTED (D-018/D-025); docs/city-of-the-moon.md; building_types.csv rebel_barracks
imperial_offices_place,city_of_the_moon,The Prophet's Court,old imperial offices,,,The Old Imperial Offices,Half abandoned half looted.,prophets_court,imperial_offices,comfortable,79.0,137.0,54.0,14,10,INVENTED,INVENTED (D-018/D-025); docs/city-of-the-moon.md; building_types.csv imperial_offices
hearing_court_place,city_of_the_moon,The Prophet's Court,hearing court and holding room,,,The Hearing Court,A judges' bench and a barred holding room.,prophets_court,hearing_court,civic,89.2,149.9,49.2,14,10,INVENTED,INVENTED (D-018/D-025); docs/city-of-the-moon.md; building_types.csv hearing_court
prophets_court_home_1_place,city_of_the_moon,The Prophet's Court,elite house,,,Elite house,Fired-brick plinth whitewash or cone mosaic and a garden.,prophets_court,home_elite,elite,102.5,161.1,44.2,16,14,INVENTED,INVENTED (D-018/D-025); docs/city-of-the-moon.md; building_types.csv home_elite
prophets_court_home_2_place,city_of_the_moon,The Prophet's Court,elite house,,,Elite house,Fired-brick plinth whitewash or cone mosaic and a garden.,prophets_court,home_elite,elite,116.7,173.6,38.8,16,14,INVENTED,INVENTED (D-018/D-025); docs/city-of-the-moon.md; building_types.csv home_elite
prophets_court_home_3_place,city_of_the_moon,The Prophet's Court,elite house,,,Elite house,Fired-brick plinth whitewash or cone mosaic and a garden.,prophets_court,home_elite,elite,132.0,184.7,33.2,16,14,INVENTED,INVENTED (D-018/D-025); docs/city-of-the-moon.md; building_types.csv home_elite
mudhif_place,city_of_the_moon,The Reed Quarter,reed guest hall (mudhif),,,The Reed Guest Hall,A great arched reed hall.,reed_quarter,mudhif,civic,171.3,-36.8,7.1,14,6,INVENTED,INVENTED (D-018/D-025); docs/city-of-the-moon.md; building_types.csv mudhif
whisperers_safehouse_place,city_of_the_moon,The Reed Quarter,reed house on stilts,,,The Whisperers' House,Arched reed bundles nets and a canoe.,reed_quarter,reed_house,poor,171.0,-26.0,20.3,6,5,INVENTED,INVENTED (D-018/D-025); docs/city-of-the-moon.md; building_types.csv reed_house
floating_shrine_place,city_of_the_moon,The Reed Quarter,floating shrine,,,The Floating Shrine,A reed platform shrine on the water.,reed_quarter,floating_shrine,sacred,176.3,-52.2,-9.1,5,5,INVENTED,INVENTED (D-018/D-025); docs/city-of-the-moon.md; building_types.csv floating_shrine
reed_house_1_place,city_of_the_moon,The Reed Quarter,reed house on stilts,,,A Reed House on Stilts,Arched reed bundles nets and a canoe.,reed_quarter,reed_house,poor,186.1,-49.6,-18.7,6,5,INVENTED,INVENTED (D-018/D-025); docs/city-of-the-moon.md; building_types.csv reed_house
reed_house_2_place,city_of_the_moon,The Reed Quarter,reed house on stilts,,,A Reed House on Stilts,Arched reed bundles nets and a canoe.,reed_quarter,reed_house,poor,183.4,-29.5,3.3,6,5,INVENTED,INVENTED (D-018/D-025); docs/city-of-the-moon.md; building_types.csv reed_house
reed_house_3_place,city_of_the_moon,The Reed Quarter,reed house on stilts,,,A Reed House on Stilts,Arched reed bundles nets and a canoe.,reed_quarter,reed_house,poor,163.8,-18.9,9.2,6,5,INVENTED,INVENTED (D-018/D-025); docs/city-of-the-moon.md; building_types.csv reed_house
reed_house_4_place,city_of_the_moon,The Reed Quarter,reed house on stilts,,,A Reed House on Stilts,Arched reed bundles nets and a canoe.,reed_quarter,reed_house,poor,192.3,-41.3,-16.4,6,5,INVENTED,INVENTED (D-018/D-025); docs/city-of-the-moon.md; building_types.csv reed_house
reed_house_5_place,city_of_the_moon,The Reed Quarter,reed house on stilts,,,A Reed House on Stilts,Arched reed bundles nets and a canoe.,reed_quarter,reed_house,poor,179.6,-19.5,-14.5,6,5,INVENTED,INVENTED (D-018/D-025); docs/city-of-the-moon.md; building_types.csv reed_house
reed_house_6_place,city_of_the_moon,The Reed Quarter,reed house on stilts,,,A Reed House on Stilts,Arched reed bundles nets and a canoe.,reed_quarter,reed_house,poor,192.8,-57.8,4.9,6,5,INVENTED,INVENTED (D-018/D-025); docs/city-of-the-moon.md; building_types.csv reed_house
reed_house_7_place,city_of_the_moon,The Reed Quarter,reed house on stilts,,,A Reed House on Stilts,Arched reed bundles nets and a canoe.,reed_quarter,reed_house,poor,153.0,-16.2,23.4,6,5,INVENTED,INVENTED (D-018/D-025); docs/city-of-the-moon.md; building_types.csv reed_house
warchief_envoy_tent_place,city_of_the_moon,The Newcomers' Terraces,warchief's envoy tent,,,The Warchief's Envoy Tent,A great tent with horse tack and felt.,newcomers_terraces,warchief_tent,comfortable,120.0,215.0,-15.3,10,8,INVENTED,INVENTED (D-018/D-025); docs/city-of-the-moon.md; building_types.csv warchief_tent
migrant_cattle_pen_place,city_of_the_moon,The Newcomers' Terraces,cattle pen,,,The Migrants' Cattle Pen,Reed fences cattle and herdsmen.,newcomers_terraces,cattle_pen,poor,116.2,229.2,-7.7,12,9,INVENTED,INVENTED (D-018/D-025); docs/city-of-the-moon.md; building_types.csv cattle_pen
foreigners_lane_1_place,city_of_the_moon,The Newcomers' Terraces,foreigners' lane house,,,A House in the Foreigners' Lane,Carpets hung out and a foreign god's niche.,newcomers_terraces,home_foreign,modest,112.7,200.9,20.4,9,8,INVENTED,INVENTED (D-018/D-025); docs/city-of-the-moon.md; building_types.csv home_foreign
foreigners_lane_2_place,city_of_the_moon,The Newcomers' Terraces,foreigners' lane house,,,A House in the Foreigners' Lane,Carpets hung out and a foreign god's niche.,newcomers_terraces,home_foreign,modest,135.9,220.8,20.0,9,8,INVENTED,INVENTED (D-018/D-025); docs/city-of-the-moon.md; building_types.csv home_foreign
foreigners_lane_3_place,city_of_the_moon,The Newcomers' Terraces,foreigners' lane house,,,A House in the Foreigners' Lane,Carpets hung out and a foreign god's niche.,newcomers_terraces,home_foreign,modest,103.4,221.9,15.1,9,8,INVENTED,INVENTED (D-018/D-025); docs/city-of-the-moon.md; building_types.csv home_foreign
migrant_tent_1_place,city_of_the_moon,The Newcomers' Terraces,migrant tent,,,A Migrant Tent,Black goat-hair tent and dung fire.,newcomers_terraces,migrant_tent,poor,131.3,207.8,-4.6,7,5,INVENTED,INVENTED (D-018/D-025); docs/city-of-the-moon.md; building_types.csv migrant_tent
migrant_tent_2_place,city_of_the_moon,The Newcomers' Terraces,migrant tent,,,A Migrant Tent,Black goat-hair tent and dung fire.,newcomers_terraces,migrant_tent,poor,118.8,241.1,-2.4,7,5,INVENTED,INVENTED (D-018/D-025); docs/city-of-the-moon.md; building_types.csv migrant_tent
migrant_tent_3_place,city_of_the_moon,The Newcomers' Terraces,migrant tent,,,A Migrant Tent,Black goat-hair tent and dung fire.,newcomers_terraces,migrant_tent,poor,108.2,212.9,14.4,7,5,INVENTED,INVENTED (D-018/D-025); docs/city-of-the-moon.md; building_types.csv migrant_tent
migrant_tent_4_place,city_of_the_moon,The Newcomers' Terraces,migrant tent,,,A Migrant Tent,Black goat-hair tent and dung fire.,newcomers_terraces,migrant_tent,poor,147.3,218.7,-15.2,7,5,INVENTED,INVENTED (D-018/D-025); docs/city-of-the-moon.md; building_types.csv migrant_tent
migrant_tent_5_place,city_of_the_moon,The Newcomers' Terraces,migrant tent,,,A Migrant Tent,Black goat-hair tent and dung fire.,newcomers_terraces,migrant_tent,poor,102.8,194.4,-2.3,7,5,INVENTED,INVENTED (D-018/D-025); docs/city-of-the-moon.md; building_types.csv migrant_tent
garden_of_tombs_place,city_of_the_moon,The Garden of Tombs,the garden of tombs,,,The Garden of Tombs,Grave mounds brick vaults and offering tubes.,garden_of_tombs,necropolis,civic,40.0,-110.0,15.3,26,20,INVENTED,INVENTED (D-018/D-025); docs/city-of-the-moon.md; building_types.csv necropolis
tomb_keepers_hut_place,city_of_the_moon,The Garden of Tombs,tomb keeper's hut,,,The Tomb Keeper's Hut,A lamp and a register of the dead.,garden_of_tombs,tomb_keeper,poor,48.0,-127.2,-7.5,6,5,INVENTED,INVENTED (D-018/D-025); docs/city-of-the-moon.md; building_types.csv tomb_keeper
tannery_place,city_of_the_moon,The Garden of Tombs,tannery,,,The Tannery,Soaking pits and hides on frames downwind.,garden_of_tombs,tannery,poor,27.1,-91.6,-14.8,14,10,INVENTED,INVENTED (D-018/D-025); docs/city-of-the-moon.md; building_types.csv tannery
brickyard_place,city_of_the_moon,The Garden of Tombs,brick-making yard,,,The Brick-Making Yard,Clay pits and rows of bricks drying in the sun.,garden_of_tombs,brickyard,poor,22.8,-130.6,-9.0,18,12,INVENTED,INVENTED (D-018/D-025); docs/city-of-the-moon.md; building_types.csv brickyard
fields_beyond_the_gate_place,city_of_the_moon,Beyond the Moon Gate,field,,,The Barley Fields,"The barley and wheat fields along the river road outside the Moon Gate, hoed and hauled at first light while the air is still cool.",beyond_the_gate,field,civic,-150.0,0.0,0.0,40,30,INVENTED,INVENTED (D-018; D-020); schedules.csv field_hands_first_light; dialogues.csv breaking_retributor_of_utu (the river road below the moon gate); notes L57 (sowing wheat and barley)
grazing_lands_place,city_of_the_moon,Beyond the Moon Gate,pasture,,,The Grazing Lands,The grazing lands beyond the walls where the street's flocks are driven at first light and brought back through the gate to be counted before dark.,beyond_the_gate,pasture,civic,-150.0,0.0,21.3,40,30,INVENTED,INVENTED (D-018; D-020); schedules.csv herds_out_to_pasture;herds_home_before_dark
