Name,name,kind,hostile,weight,danger_min,terrains,hours,seasons,drought_pct,war_pct,foes_min,foes_max,prowess_pct,description,tag,source_ref
bandit_ambush,Bandits in Ambush,bandits,true,10,2,,any,,20,0,2,5,90,Men rise out of a ditch or a ruin with clubs and sickles and demand what you carry.,INVENTED,INVENTED (D-018; D-021 wild lands); mechanics.md row 11 (drought raiders); row 36 (journeys)
raider_patrol,A Raider Patrol,raiders,true,6,3,road;track;desert_track;journey;ruin;pasture;field,any,,15,40,3,8,110,"Riders on the skyline, then the thud of hooves: a patrol of raiders looking for herds and stragglers.",INVENTED,INVENTED (D-018; D-021 wild lands); wb §4.1;§4.3; notes L15;L20-21
eastern_refugees,Refugees from the East,refugees,false,8,0,road;track;journey;field;pasture,day,,40,40,3,12,60,"A column of households on foot with what they could carry, fleeing the raids in the east; they ask for water, bread and the way to the gate.",INVENTED,INVENTED (D-018; D-021 wild lands); events.csv eastern_refugees_at_the_gates; wb §4.1 (migrations into the Empire); notes L15
caravan_merchants,Travelling Merchants,merchants,false,8,0,road;journey;desert_track;track,day,,-10,-10,2,5,90,"A small merchant party with pack donkeys and hired guards, glad of news of the road and willing to trade.",INVENTED,INVENTED (D-018; D-021 wild lands); mechanics.md row 8 (caravans); wb §5 (the City of the Moon: hub of trade)
lion_in_the_reeds,A Lion in the Reeds,animals,true,4,2,riverbank;marsh;river;marsh_path,dusk_night,,0,0,1,2,160,"A lion that hunts the reed beds at dusk; kings hunt its kind for glory, travellers only try to live.",INVENTED,INVENTED (D-018; D-021 wild lands); A: the Mesopotamian lion of the river reed-beds and the royal lion hunt
wolf_pack,A Wolf Pack,animals,true,4,3,desert_track;desert_edge;ruin;track;cave,night,rains;vintage,10,0,3,6,70,"Lean wolves driven down from the steppe by hunger, trailing anything that walks alone at night.",INVENTED,INVENTED (D-018; D-021 wild lands); A: the steppe wolf of ancient Mesopotamia
wild_boar,A Wild Boar,animals,true,5,2,marsh;marsh_path;riverbank;field,any,,0,0,1,3,110,"A marsh boar rooting in the barley or the reed-edge, fast and short-tempered.",INVENTED,INVENTED (D-018; D-021 wild lands); A: wild boar of the southern Mesopotamian marshes
venomous_snake,A Venomous Snake,animals,true,4,1,desert_track;desert_edge;cave;ruin;field;tomb,day,sowing;harvest;vintage,10,0,1,1,60,"A viper in the heat of the day, under a stone or in a crack of the old brick.",INVENTED,INVENTED (D-018; D-021 wild lands); A: desert vipers of the Near East
jackal_pack,A Jackal Pack,animals,true,5,2,tomb;desert_edge;desert_track;cave,dusk_night,,20,0,3,7,50,Jackals that dig at the old graves and circle a lone traveller; the city carves dogs on its doors against what walks with them.,INVENTED,INVENTED (D-018; D-021 wild lands); wb §5 (dog and owl engravings ward houses against evil spirits); A: the golden jackal
