id,name,epithet_and_role,features,tag,source_ref
city_of_jewels,City of Jewels,lost city of jewels; capital and home of the player's previous incarnation; hub of all the Empire's administration — without it the empire would fracture,made by the great Law Giver; the Sumerian ending razes its foundations,CANON,wb §4.1;§5; notes L15;L42
city_of_the_dead,City of the Dead,home of the biggest ancestor cult; underworld queen cult and dead cult in all of the Empire,streets filled with skulls; dog and owl engravings ward houses; biggest assortment of ritual scrolls for speaking with underworld spirits; greatest temple built within the earth with a great statue of the queen of the underworld,CANON,wb §5; notes L44
city_of_the_sky,City of the Sky,cult center of the Sky Father An and the Lady of the Skies on top of a sacred hill; one of the oldest cities; first city on which the northerners lowered kingship,sacred hill,CANON,wb §3;§5; notes L46;L58
city_of_kings,City of Kings,hub of the god of kings Enlil; center from which the legacy of kings is mummified and guarded,the Garden of the Gods (biggest temple of all the gods — every aspect of creation present); massive underground catacombs where the greatest kings join the ancestors in the Kingdom of the Dead,CANON,wb §3;§5; notes L48;L59
city_of_the_sun,City of the Sun,headquarters of the guild of paladins,the Retributors of Utu,CANON,wb §5; notes L50
city_of_the_moon,City of the Moon,capital of the enigmatic Prophet; home of the rebellious alliance of southern city states; one of the oldest and the richest (direct sea trade routes),temple of sun and moon; the Great Lighthouse; hub of trade and scholarship,CANON,wb §5; notes L52
city_of_the_abyss,City of the Abyss,the oldest city in the lands; also called the city of Mystics,worship of primordial water since the dawn of creation; shifted from the two waters to the Water Lord and the Swamp Queen,CANON,wb §3;§5; notes L54;L58-59
city_of_the_warrior_spirit,City of the Warrior Spirit,once the city of the former sun god of the Taurissian people,now ruled by a mighty warchief of the eastern barbarian alliance,CANON,wb §4.3;§5; notes L56
gravestone,e-ab-kur-irkalla-ki = Gravestone,home of the cult of the dead,home of the earth mother of the underworld,CANON,wb §5; notes L103
